id,depFlight_id,depFlight_origin.name,depFlight_origin.displayCode,depFlight_destination.name,depFlight_destination.displayCode,depFlight_durationInMinutes,depFlight_departure,depFlight_arrival,depFlight_name,depFlight_flightNumber,booking_agent,is_carrier,rating_status,rating,rating_breakdown.reliable_prices,rating_breakdown.clear_extra_fees,rating_breakdown.customer_service,rating_breakdown.ease_of_booking,rating_breakdown.other,price_amount
13554-2306021040--32480-0-10202-2306021420,13554-2306021040--32480-0-10202-2306021420,London Heathrow,LHR,Budapest,BUD,160,2023-06-02T10:40:00,2023-06-02T14:20:00,British Airways,868,Worldairfares,False,available,3.21,2.671636,4.180012,5.0,3.879688,2.097984,225.68
13554-2306022130--32480-0-10202-2306030100,13554-2306022130--32480-0-10202-2306030100,London Heathrow,LHR,Budapest,BUD,150,2023-06-02T21:30:00,2023-06-03T01:00:00,British Airways,870,Worldairfares,False,available,3.21,2.671636,4.180012,5.0,3.879688,2.097984,109.68
16574-2306021615--31915-0-10202-2306021940,16574-2306021615--31915-0-10202-2306021940,London Stansted,STN,Budapest,BUD,145,2023-06-02T16:15:00,2023-06-02T19:40:00,Ryanair,1658,Trip.com,False,available,4.06,4.007236,4.562416,4.993264,4.445476,3.21442,87.0
16574-2306021830--31915-0-10202-2306022155,16574-2306021830--31915-0-10202-2306022155,London Stansted,STN,Budapest,BUD,145,2023-06-02T18:30:00,2023-06-02T21:55:00,Ryanair,2518,Trip.com,False,available,4.06,4.007236,4.562416,4.993264,4.445476,3.21442,91.7
13554-2306020810--32480-0-10202-2306021155,13554-2306020810--32480-0-10202-2306021155,London Heathrow,LHR,Budapest,BUD,165,2023-06-02T08:10:00,2023-06-02T11:55:00,British Airways,866,Worldairfares,False,available,3.21,2.671636,4.180012,5.0,3.879688,2.097984,230.68
13542-2306020735--32356-0-10202-2306021110,13542-2306020735--32356-0-10202-2306021110,London Gatwick,LGW,Budapest,BUD,155,2023-06-02T07:35:00,2023-06-02T11:10:00,easyJet,8731,easyJet,True,available,4.55,4.795276,4.750828,5.0,4.699664,3.966372,103.99
16574-2306021330--31915-0-10202-2306021655,16574-2306021330--31915-0-10202-2306021655,London Stansted,STN,Budapest,BUD,145,2023-06-02T13:30:00,2023-06-02T16:55:00,Ryanair,2516,Trip.com,False,available,4.06,4.007236,4.562416,4.993264,4.445476,3.21442,79.9
13771-2306022000--31669-0-10202-2306022330,13771-2306022000--31669-0-10202-2306022330,London Luton,LTN,Budapest,BUD,150,2023-06-02T20:00:00,2023-06-02T23:30:00,Wizz Air,2208,Trip.com,False,available,4.06,4.007236,4.562416,4.993264,4.445476,3.21442,97.9
16574-2306022000--31915-0-10202-2306022325,16574-2306022000--31915-0-10202-2306022325,London Stansted,STN,Budapest,BUD,145,2023-06-02T20:00:00,2023-06-02T23:25:00,Ryanair,3717,Trip.com,False,available,4.06,4.007236,4.562416,4.993264,4.445476,3.21442,59.2
13542-2306021255--31669-0-10202-2306021620,13542-2306021255--31669-0-10202-2306021620,London Gatwick,LGW,Budapest,BUD,145,2023-06-02T12:55:00,2023-06-02T16:20:00,Wizz Air,2222,Booking.com,False,available,4.08,4.064504,4.505088,4.99368,4.427352,3.34736,46.99
13771-2306021455--31669-0-10202-2306021825,13771-2306021455--31669-0-10202-2306021825,London Luton,LTN,Budapest,BUD,150,2023-06-02T14:55:00,2023-06-02T18:25:00,Wizz Air,2206,Mytrip,False,available,3.47,3.830752,4.148752,4.866144,3.994092,2.033104,194.99
13771-2306020820--31669-0-10202-2306021150,13771-2306020820--31669-0-10202-2306021150,London Luton,LTN,Budapest,BUD,150,2023-06-02T08:20:00,2023-06-02T11:50:00,Wizz Air,2202,eDreams,False,available,2.65,2.792432,3.821668,4.932388,2.842168,1.192496,45.96
13554-2306021325--32480-0-10202-2306021655,13554-2306021325--32480-0-10202-2306021655,London Heathrow,LHR,Budapest,BUD,150,2023-06-02T13:25:00,2023-06-02T16:55:00,British Airways,874,Worldairfares,False,available,3.21,2.671636,4.180012,5.0,3.879688,2.097984,254.68
16574-2306091330--31915-0-10202-2306091655,16574-2306091330--31915-0-10202-2306091655,London Stansted,STN,Budapest,BUD,145,2023-06-09T13:30:00,2023-06-09T16:55:00,Ryanair,2516,Trip.com,False,available,4.06,4.007236,4.562416,4.993264,4.445476,3.21442,147.9
13542-2306090735--32356-0-10202-2306091110,13542-2306090735--32356-0-10202-2306091110,London Gatwick,LGW,Budapest,BUD,155,2023-06-09T07:35:00,2023-06-09T11:10:00,easyJet,8731,easyJet,True,available,4.55,4.795276,4.750828,5.0,4.699664,3.966372,249.99
16574-2306091615--31915-0-10202-2306091940,16574-2306091615--31915-0-10202-2306091940,London Stansted,STN,Budapest,BUD,145,2023-06-09T16:15:00,2023-06-09T19:40:00,Ryanair,1658,Trip.com,False,available,4.06,4.007236,4.562416,4.993264,4.445476,3.21442,93.6
13771-2306092000--31669-0-10202-2306092330,13771-2306092000--31669-0-10202-2306092330,London Luton,LTN,Budapest,BUD,150,2023-06-09T20:00:00,2023-06-09T23:30:00,Wizz Air,2208,Trip.com,False,available,4.06,4.007236,4.562416,4.993264,4.445476,3.21442,97.9
13554-2306090810--32480-0-10202-2306091155,13554-2306090810--32480-0-10202-2306091155,London Heathrow,LHR,Budapest,BUD,165,2023-06-09T08:10:00,2023-06-09T11:55:00,British Airways,866,Trip.com,False,available,4.06,4.007236,4.562416,4.993264,4.445476,3.21442,297.6
16574-2306091830--31915-0-10202-2306092155,16574-2306091830--31915-0-10202-2306092155,London Stansted,STN,Budapest,BUD,145,2023-06-09T18:30:00,2023-06-09T21:55:00,Ryanair,2518,Trip.com,False,available,4.06,4.007236,4.562416,4.993264,4.445476,3.21442,83.4
13554-2306091040--32480-0-10202-2306091420,13554-2306091040--32480-0-10202-2306091420,London Heathrow,LHR,Budapest,BUD,160,2023-06-09T10:40:00,2023-06-09T14:20:00,British Airways,868,Trip.com,False,available,4.06,4.007236,4.562416,4.993264,4.445476,3.21442,366.6
13771-2306090820--31669-0-10202-2306091150,13771-2306090820--31669-0-10202-2306091150,London Luton,LTN,Budapest,BUD,150,2023-06-09T08:20:00,2023-06-09T11:50:00,Wizz Air,2202,Trip.com,False,available,4.06,4.007236,4.562416,4.993264,4.445476,3.21442,155.9
13771-2306091455--31669-0-10202-2306091825,13771-2306091455--31669-0-10202-2306091825,London Luton,LTN,Budapest,BUD,150,2023-06-09T14:55:00,2023-06-09T18:25:00,Wizz Air,2206,Trip.com,False,available,4.06,4.007236,4.562416,4.993264,4.445476,3.21442,102.0
13554-2306092130--32480-0-10202-2306100100,13554-2306092130--32480-0-10202-2306100100,London Heathrow,LHR,Budapest,BUD,150,2023-06-09T21:30:00,2023-06-10T01:00:00,British Airways,870,Worldairfares,False,available,3.21,2.671636,4.180012,5.0,3.879688,2.097984,109.68
16574-2306092000--31915-0-10202-2306092325,16574-2306092000--31915-0-10202-2306092325,London Stansted,STN,Budapest,BUD,145,2023-06-09T20:00:00,2023-06-09T23:25:00,Ryanair,3717,Trip.com,False,available,4.06,4.007236,4.562416,4.993264,4.445476,3.21442,78.9
13542-2306091255--31669-0-10202-2306091620,13542-2306091255--31669-0-10202-2306091620,London Gatwick,LGW,Budapest,BUD,145,2023-06-09T12:55:00,2023-06-09T16:20:00,Wizz Air,2222,Trip.com,False,available,4.06,4.007236,4.562416,4.993264,4.445476,3.21442,88.9
13554-2306162130--32480-0-10202-2306170100,13554-2306162130--32480-0-10202-2306170100,London Heathrow,LHR,Budapest,BUD,150,2023-06-16T21:30:00,2023-06-17T01:00:00,British Airways,870,Worldairfares,False,available,3.21,2.671636,4.180012,5.0,3.879688,2.097984,127.68
16574-2306161615--31915-0-10202-2306161940,16574-2306161615--31915-0-10202-2306161940,London Stansted,STN,Budapest,BUD,145,2023-06-16T16:15:00,2023-06-16T19:40:00,Ryanair,1658,Trip.com,False,available,4.06,4.007236,4.562416,4.993264,4.445476,3.21442,72.7
13554-2306160810--32480-0-10202-2306161155,13554-2306160810--32480-0-10202-2306161155,London Heathrow,LHR,Budapest,BUD,165,2023-06-16T08:10:00,2023-06-16T11:55:00,British Airways,866,Trip.com,False,available,4.06,4.007236,4.562416,4.993264,4.445476,3.21442,285.6
13542-2306160735--32356-0-10202-2306161110,13542-2306160735--32356-0-10202-2306161110,London Gatwick,LGW,Budapest,BUD,155,2023-06-16T07:35:00,2023-06-16T11:10:00,easyJet,8731,easyJet,True,available,4.55,4.795276,4.750828,5.0,4.699664,3.966372,124.99
13771-2306162000--31669-0-10202-2306162330,13771-2306162000--31669-0-10202-2306162330,London Luton,LTN,Budapest,BUD,150,2023-06-16T20:00:00,2023-06-16T23:30:00,Wizz Air,2208,Trip.com,False,available,4.06,4.007236,4.562416,4.993264,4.445476,3.21442,48.6
13771-2306161455--31669-0-10202-2306161825,13771-2306161455--31669-0-10202-2306161825,London Luton,LTN,Budapest,BUD,150,2023-06-16T14:55:00,2023-06-16T18:25:00,Wizz Air,2206,Trip.com,False,available,4.06,4.007236,4.562416,4.993264,4.445476,3.21442,116.9
13542-2306161255--31669-0-10202-2306161620,13542-2306161255--31669-0-10202-2306161620,London Gatwick,LGW,Budapest,BUD,145,2023-06-16T12:55:00,2023-06-16T16:20:00,Wizz Air,2222,Trip.com,False,available,4.06,4.007236,4.562416,4.993264,4.445476,3.21442,115.9
16574-2306162000--31915-0-10202-2306162325,16574-2306162000--31915-0-10202-2306162325,London Stansted,STN,Budapest,BUD,145,2023-06-16T20:00:00,2023-06-16T23:25:00,Ryanair,3717,Trip.com,False,available,4.06,4.007236,4.562416,4.993264,4.445476,3.21442,53.9
13554-2306161325--32480-0-10202-2306161655,13554-2306161325--32480-0-10202-2306161655,London Heathrow,LHR,Budapest,BUD,150,2023-06-16T13:25:00,2023-06-16T16:55:00,British Airways,874,Trip.com,False,available,4.06,4.007236,4.562416,4.993264,4.445476,3.21442,603.6
16574-2306161830--31915-0-10202-2306162155,16574-2306161830--31915-0-10202-2306162155,London Stansted,STN,Budapest,BUD,145,2023-06-16T18:30:00,2023-06-16T21:55:00,Ryanair,2518,Mytrip,False,available,3.47,3.830752,4.148752,4.866144,3.994092,2.033104,51.99
13771-2306160820--31669-0-10202-2306161150,13771-2306160820--31669-0-10202-2306161150,London Luton,LTN,Budapest,BUD,150,2023-06-16T08:20:00,2023-06-16T11:50:00,Wizz Air,2202,Trip.com,False,available,4.06,4.007236,4.562416,4.993264,4.445476,3.21442,155.9
16574-2306161330--31915-0-10202-2306161655,16574-2306161330--31915-0-10202-2306161655,London Stansted,STN,Budapest,BUD,145,2023-06-16T13:30:00,2023-06-16T16:55:00,Ryanair,2516,Trip.com,False,available,4.06,4.007236,4.562416,4.993264,4.445476,3.21442,198.9
13554-2306161040--32480-0-10202-2306161420,13554-2306161040--32480-0-10202-2306161420,London Heathrow,LHR,Budapest,BUD,160,2023-06-16T10:40:00,2023-06-16T14:20:00,British Airways,868,Trip.com,False,available,4.06,4.007236,4.562416,4.993264,4.445476,3.21442,354.6
13554-2306231040--32480-0-10202-2306231420,13554-2306231040--32480-0-10202-2306231420,London Heathrow,LHR,Budapest,BUD,160,2023-06-23T10:40:00,2023-06-23T14:20:00,British Airways,868,Trip.com,False,available,4.06,4.007236,4.562416,4.993264,4.445476,3.21442,274.6
13554-2306232130--32480-0-10202-2306240100,13554-2306232130--32480-0-10202-2306240100,London Heathrow,LHR,Budapest,BUD,150,2023-06-23T21:30:00,2023-06-24T01:00:00,British Airways,870,Worldairfares,False,available,3.21,2.671636,4.180012,5.0,3.879688,2.097984,109.68
16574-2306232000--31915-0-10202-2306232325,16574-2306232000--31915-0-10202-2306232325,London Stansted,STN,Budapest,BUD,145,2023-06-23T20:00:00,2023-06-23T23:25:00,Ryanair,3717,Trip.com,False,available,4.06,4.007236,4.562416,4.993264,4.445476,3.21442,78.9
13542-2306231255--31669-0-10202-2306231620,13542-2306231255--31669-0-10202-2306231620,London Gatwick,LGW,Budapest,BUD,145,2023-06-23T12:55:00,2023-06-23T16:20:00,Wizz Air,2222,Trip.com,False,available,4.06,4.007236,4.562416,4.993264,4.445476,3.21442,115.9
13771-2306231455--31669-0-10202-2306231825,13771-2306231455--31669-0-10202-2306231825,London Luton,LTN,Budapest,BUD,150,2023-06-23T14:55:00,2023-06-23T18:25:00,Wizz Air,2206,Trip.com,False,available,4.06,4.007236,4.562416,4.993264,4.445476,3.21442,169.9
13771-2306230820--31669-0-10202-2306231150,13771-2306230820--31669-0-10202-2306231150,London Luton,LTN,Budapest,BUD,150,2023-06-23T08:20:00,2023-06-23T11:50:00,Wizz Air,2202,Trip.com,False,available,4.06,4.007236,4.562416,4.993264,4.445476,3.21442,128.9
13554-2306231325--32480-0-10202-2306231655,13554-2306231325--32480-0-10202-2306231655,London Heathrow,LHR,Budapest,BUD,150,2023-06-23T13:25:00,2023-06-23T16:55:00,British Airways,874,Worldairfares,False,available,3.21,2.671636,4.180012,5.0,3.879688,2.097984,187.68
13542-2306230735--32356-0-10202-2306231110,13542-2306230735--32356-0-10202-2306231110,London Gatwick,LGW,Budapest,BUD,155,2023-06-23T07:35:00,2023-06-23T11:10:00,easyJet,8731,easyJet,True,available,4.55,4.795276,4.750828,5.0,4.699664,3.966372,133.99
16574-2306231330--31915-0-10202-2306231655,16574-2306231330--31915-0-10202-2306231655,London Stansted,STN,Budapest,BUD,145,2023-06-23T13:30:00,2023-06-23T16:55:00,Ryanair,2516,Trip.com,False,available,4.06,4.007236,4.562416,4.993264,4.445476,3.21442,309.89
13771-2306232000--31669-0-10202-2306232330,13771-2306232000--31669-0-10202-2306232330,London Luton,LTN,Budapest,BUD,150,2023-06-23T20:00:00,2023-06-23T23:30:00,Wizz Air,2208,eDreams,False,available,2.65,2.792432,3.821668,4.932388,2.842168,1.192496,82.74
16574-2306231615--31915-0-10202-2306231940,16574-2306231615--31915-0-10202-2306231940,London Stansted,STN,Budapest,BUD,145,2023-06-23T16:15:00,2023-06-23T19:40:00,Ryanair,1658,eDreams,False,available,2.65,2.792432,3.821668,4.932388,2.842168,1.192496,58.65
13554-2306230810--32480-0-10202-2306231155,13554-2306230810--32480-0-10202-2306231155,London Heathrow,LHR,Budapest,BUD,165,2023-06-23T08:10:00,2023-06-23T11:55:00,British Airways,866,Worldairfares,False,available,3.21,2.671636,4.180012,5.0,3.879688,2.097984,206.68
16574-2306231830--31915-0-10202-2306232155,16574-2306231830--31915-0-10202-2306232155,London Stansted,STN,Budapest,BUD,145,2023-06-23T18:30:00,2023-06-23T21:55:00,Ryanair,2518,eDreams,False,available,2.65,2.792432,3.821668,4.932388,2.842168,1.192496,45.95
13542-2306301255--31669-0-10202-2306301620,13542-2306301255--31669-0-10202-2306301620,London Gatwick,LGW,Budapest,BUD,145,2023-06-30T12:55:00,2023-06-30T16:20:00,Wizz Air,2222,Trip.com,False,available,4.06,4.007236,4.562416,4.993264,4.445476,3.21442,128.9
16574-2306302000--31915-0-10202-2306302325,16574-2306302000--31915-0-10202-2306302325,London Stansted,STN,Budapest,BUD,145,2023-06-30T20:00:00,2023-06-30T23:25:00,Ryanair,3717,Trip.com,False,available,4.06,4.007236,4.562416,4.993264,4.445476,3.21442,82.5
13554-2306302130--32480-0-10202-2307010100,13554-2306302130--32480-0-10202-2307010100,London Heathrow,LHR,Budapest,BUD,150,2023-06-30T21:30:00,2023-07-01T01:00:00,British Airways,870,Worldairfares,False,available,3.21,2.671636,4.180012,5.0,3.879688,2.097984,84.68
16574-2306301830--31915-0-10202-2306302155,16574-2306301830--31915-0-10202-2306302155,London Stansted,STN,Budapest,BUD,145,2023-06-30T18:30:00,2023-06-30T21:55:00,Ryanair,2518,Trip.com,False,available,4.06,4.007236,4.562416,4.993264,4.445476,3.21442,93.6
13771-2306300820--31669-0-10202-2306301150,13771-2306300820--31669-0-10202-2306301150,London Luton,LTN,Budapest,BUD,150,2023-06-30T08:20:00,2023-06-30T11:50:00,Wizz Air,2202,Trip.com,False,available,4.06,4.007236,4.562416,4.993264,4.445476,3.21442,143.19
13554-2306301325--32480-0-10202-2306301655,13554-2306301325--32480-0-10202-2306301655,London Heathrow,LHR,Budapest,BUD,150,2023-06-30T13:25:00,2023-06-30T16:55:00,British Airways,874,Worldairfares,False,available,3.21,2.671636,4.180012,5.0,3.879688,2.097984,343.68
13542-2306301605--32356-0-10202-2306301935,13542-2306301605--32356-0-10202-2306301935,London Gatwick,LGW,Budapest,BUD,150,2023-06-30T16:05:00,2023-06-30T19:35:00,easyJet,8735,easyJet,True,available,4.55,4.795276,4.750828,5.0,4.699664,3.966372,151.68
13554-2306301040--32480-0-10202-2306301420,13554-2306301040--32480-0-10202-2306301420,London Heathrow,LHR,Budapest,BUD,160,2023-06-30T10:40:00,2023-06-30T14:20:00,British Airways,868,Trip.com,False,available,4.06,4.007236,4.562416,4.993264,4.445476,3.21442,366.6
13771-2306301455--31669-0-10202-2306301825,13771-2306301455--31669-0-10202-2306301825,London Luton,LTN,Budapest,BUD,150,2023-06-30T14:55:00,2023-06-30T18:25:00,Wizz Air,2206,Trip.com,False,available,4.06,4.007236,4.562416,4.993264,4.445476,3.21442,116.3
16574-2306301330--31915-0-10202-2306301655,16574-2306301330--31915-0-10202-2306301655,London Stansted,STN,Budapest,BUD,145,2023-06-30T13:30:00,2023-06-30T16:55:00,Ryanair,2516,Trip.com,False,available,4.06,4.007236,4.562416,4.993264,4.445476,3.21442,171.9
13554-2306300810--32480-0-10202-2306301155,13554-2306300810--32480-0-10202-2306301155,London Heathrow,LHR,Budapest,BUD,165,2023-06-30T08:10:00,2023-06-30T11:55:00,British Airways,866,Worldairfares,False,available,3.21,2.671636,4.180012,5.0,3.879688,2.097984,178.68
16574-2306301615--31915-0-10202-2306301940,16574-2306301615--31915-0-10202-2306301940,London Stansted,STN,Budapest,BUD,145,2023-06-30T16:15:00,2023-06-30T19:40:00,Ryanair,1658,Trip.com,False,available,4.06,4.007236,4.562416,4.993264,4.445476,3.21442,123.9
13542-2306300735--32356-0-10202-2306301110,13542-2306300735--32356-0-10202-2306301110,London Gatwick,LGW,Budapest,BUD,155,2023-06-30T07:35:00,2023-06-30T11:10:00,easyJet,8731,easyJet,True,available,4.55,4.795276,4.750828,5.0,4.699664,3.966372,214.88
13771-2306302000--31669-0-10202-2306302330,13771-2306302000--31669-0-10202-2306302330,London Luton,LTN,Budapest,BUD,150,2023-06-30T20:00:00,2023-06-30T23:30:00,Wizz Air,2208,Trip.com,False,available,4.06,4.007236,4.562416,4.993264,4.445476,3.21442,129.3
13542-2307070735--32356-0-10202-2307071110,13542-2307070735--32356-0-10202-2307071110,London Gatwick,LGW,Budapest,BUD,155,2023-07-07T07:35:00,2023-07-07T11:10:00,easyJet,8731,easyJet,True,available,4.55,4.795276,4.750828,5.0,4.699664,3.966372,149.58
13771-2307072000--31669-0-10202-2307072330,13771-2307072000--31669-0-10202-2307072330,London Luton,LTN,Budapest,BUD,150,2023-07-07T20:00:00,2023-07-07T23:30:00,Wizz Air,2208,Mytrip,False,available,3.47,3.830752,4.148752,4.866144,3.994092,2.033104,194.99
13554-2307071325--32480-0-10202-2307071655,13554-2307071325--32480-0-10202-2307071655,London Heathrow,LHR,Budapest,BUD,150,2023-07-07T13:25:00,2023-07-07T16:55:00,British Airways,874,Trip.com,False,available,4.06,4.007236,4.562416,4.993264,4.445476,3.21442,258.6
13771-2307070820--31669-0-10202-2307071150,13771-2307070820--31669-0-10202-2307071150,London Luton,LTN,Budapest,BUD,150,2023-07-07T08:20:00,2023-07-07T11:50:00,Wizz Air,2202,Mytrip,False,available,3.47,3.830752,4.148752,4.866144,3.994092,2.033104,142.99
16574-2307071330--31915-0-10202-2307071655,16574-2307071330--31915-0-10202-2307071655,London Stansted,STN,Budapest,BUD,145,2023-07-07T13:30:00,2023-07-07T16:55:00,Ryanair,2516,Trip.com,False,available,4.06,4.007236,4.562416,4.993264,4.445476,3.21442,289.89
16574-2307072000--31915-0-10202-2307072325,16574-2307072000--31915-0-10202-2307072325,London Stansted,STN,Budapest,BUD,145,2023-07-07T20:00:00,2023-07-07T23:25:00,Ryanair,3717,Trip.com,False,available,4.06,4.007236,4.562416,4.993264,4.445476,3.21442,94.8
13771-2307071455--31669-0-10202-2307071825,13771-2307071455--31669-0-10202-2307071825,London Luton,LTN,Budapest,BUD,150,2023-07-07T14:55:00,2023-07-07T18:25:00,Wizz Air,2206,Trip.com,False,available,4.06,4.007236,4.562416,4.993264,4.445476,3.21442,97.9
13542-2307071255--31669-0-10202-2307071620,13542-2307071255--31669-0-10202-2307071620,London Gatwick,LGW,Budapest,BUD,145,2023-07-07T12:55:00,2023-07-07T16:20:00,Wizz Air,2222,Mytrip,False,available,3.47,3.830752,4.148752,4.866144,3.994092,2.033104,203.99
13554-2307071040--32480-0-10202-2307071420,13554-2307071040--32480-0-10202-2307071420,London Heathrow,LHR,Budapest,BUD,160,2023-07-07T10:40:00,2023-07-07T14:20:00,British Airways,868,Trip.com,False,available,4.06,4.007236,4.562416,4.993264,4.445476,3.21442,274.6
13554-2307070810--32480-0-10202-2307071155,13554-2307070810--32480-0-10202-2307071155,London Heathrow,LHR,Budapest,BUD,165,2023-07-07T08:10:00,2023-07-07T11:55:00,British Airways,866,Worldairfares,False,available,3.21,2.671636,4.180012,5.0,3.879688,2.097984,201.68
16574-2307071830--31915-0-10202-2307072155,16574-2307071830--31915-0-10202-2307072155,London Stansted,STN,Budapest,BUD,145,2023-07-07T18:30:00,2023-07-07T21:55:00,Ryanair,2518,Trip.com,False,available,4.06,4.007236,4.562416,4.993264,4.445476,3.21442,110.9
13554-2307072130--32480-0-10202-2307080100,13554-2307072130--32480-0-10202-2307080100,London Heathrow,LHR,Budapest,BUD,150,2023-07-07T21:30:00,2023-07-08T01:00:00,British Airways,870,Worldairfares,False,available,3.21,2.671636,4.180012,5.0,3.879688,2.097984,95.68
13542-2307071605--32356-0-10202-2307071935,13542-2307071605--32356-0-10202-2307071935,London Gatwick,LGW,Budapest,BUD,150,2023-07-07T16:05:00,2023-07-07T19:35:00,easyJet,8735,easyJet,True,available,4.55,4.795276,4.750828,5.0,4.699664,3.966372,219.1
16574-2307071615--31915-0-10202-2307071940,16574-2307071615--31915-0-10202-2307071940,London Stansted,STN,Budapest,BUD,145,2023-07-07T16:15:00,2023-07-07T19:40:00,Ryanair,1658,Trip.com,False,available,4.06,4.007236,4.562416,4.993264,4.445476,3.21442,128.9
16574-2307141330--31915-0-10202-2307141655,16574-2307141330--31915-0-10202-2307141655,London Stansted,STN,Budapest,BUD,145,2023-07-14T13:30:00,2023-07-14T16:55:00,Ryanair,2516,BudgetAir,False,available,3.25,3.418476,4.263492,4.646996,3.529412,2.126296,241.0
13554-2307142130--32480-0-10202-2307150100,13554-2307142130--32480-0-10202-2307150100,London Heathrow,LHR,Budapest,BUD,150,2023-07-14T21:30:00,2023-07-15T01:00:00,British Airways,870,Worldairfares,False,available,3.21,2.671636,4.180012,5.0,3.879688,2.097984,102.68
16574-2307141615--31915-0-10202-2307141940,16574-2307141615--31915-0-10202-2307141940,London Stansted,STN,Budapest,BUD,145,2023-07-14T16:15:00,2023-07-14T19:40:00,Ryanair,1658,Trip.com,False,available,4.06,4.007236,4.562416,4.993264,4.445476,3.21442,279.89
13554-2307141040--32480-0-10202-2307141420,13554-2307141040--32480-0-10202-2307141420,London Heathrow,LHR,Budapest,BUD,160,2023-07-14T10:40:00,2023-07-14T14:20:00,British Airways,868,Trip.com,False,available,4.06,4.007236,4.562416,4.993264,4.445476,3.21442,274.6
13554-2307140810--32480-0-10202-2307141155,13554-2307140810--32480-0-10202-2307141155,London Heathrow,LHR,Budapest,BUD,165,2023-07-14T08:10:00,2023-07-14T11:55:00,British Airways,866,Worldairfares,False,available,3.21,2.671636,4.180012,5.0,3.879688,2.097984,182.68
13542-2307141255--31669-0-10202-2307141620,13542-2307141255--31669-0-10202-2307141620,London Gatwick,LGW,Budapest,BUD,145,2023-07-14T12:55:00,2023-07-14T16:20:00,Wizz Air,2222,Mytrip,False,available,3.47,3.830752,4.148752,4.866144,3.994092,2.033104,128.99
16574-2307142000--31915-0-10202-2307142325,16574-2307142000--31915-0-10202-2307142325,London Stansted,STN,Budapest,BUD,145,2023-07-14T20:00:00,2023-07-14T23:25:00,Ryanair,3717,Trip.com,False,available,4.06,4.007236,4.562416,4.993264,4.445476,3.21442,161.9
13542-2307141605--32356-0-10202-2307141935,13542-2307141605--32356-0-10202-2307141935,London Gatwick,LGW,Budapest,BUD,150,2023-07-14T16:05:00,2023-07-14T19:35:00,easyJet,8735,easyJet,True,available,4.55,4.795276,4.750828,5.0,4.699664,3.966372,188.55
13771-2307141455--31669-0-10202-2307141825,13771-2307141455--31669-0-10202-2307141825,London Luton,LTN,Budapest,BUD,150,2023-07-14T14:55:00,2023-07-14T18:25:00,Wizz Air,2206,Mytrip,False,available,3.47,3.830752,4.148752,4.866144,3.994092,2.033104,141.99
16574-2307141830--31915-0-10202-2307142155,16574-2307141830--31915-0-10202-2307142155,London Stansted,STN,Budapest,BUD,145,2023-07-14T18:30:00,2023-07-14T21:55:00,Ryanair,2518,Trip.com,False,available,4.06,4.007236,4.562416,4.993264,4.445476,3.21442,161.9
13771-2307140820--31669-0-10202-2307141150,13771-2307140820--31669-0-10202-2307141150,London Luton,LTN,Budapest,BUD,150,2023-07-14T08:20:00,2023-07-14T11:50:00,Wizz Air,2202,Mytrip,False,available,3.47,3.830752,4.148752,4.866144,3.994092,2.033104,169.99
13554-2307141325--32480-0-10202-2307141655,13554-2307141325--32480-0-10202-2307141655,London Heathrow,LHR,Budapest,BUD,150,2023-07-14T13:25:00,2023-07-14T16:55:00,British Airways,874,Worldairfares,False,available,3.21,2.671636,4.180012,5.0,3.879688,2.097984,187.68
13542-2307140735--32356-0-10202-2307141110,13542-2307140735--32356-0-10202-2307141110,London Gatwick,LGW,Budapest,BUD,155,2023-07-14T07:35:00,2023-07-14T11:10:00,easyJet,8731,easyJet,True,available,4.55,4.795276,4.750828,5.0,4.699664,3.966372,203.3
13771-2307142000--31669-0-10202-2307142330,13771-2307142000--31669-0-10202-2307142330,London Luton,LTN,Budapest,BUD,150,2023-07-14T20:00:00,2023-07-14T23:30:00,Wizz Air,2208,Trip.com,False,available,4.06,4.007236,4.562416,4.993264,4.445476,3.21442,196.9
13554-2307210810--32480-0-10202-2307211155,13554-2307210810--32480-0-10202-2307211155,London Heathrow,LHR,Budapest,BUD,165,2023-07-21T08:10:00,2023-07-21T11:55:00,British Airways,866,Trip.com,False,available,4.06,4.007236,4.562416,4.993264,4.445476,3.21442,603.6
16574-2307211615--31915-0-10202-2307211940,16574-2307211615--31915-0-10202-2307211940,London Stansted,STN,Budapest,BUD,145,2023-07-21T16:15:00,2023-07-21T19:40:00,Ryanair,1658,Trip.com,False,available,4.06,4.007236,4.562416,4.993264,4.445476,3.21442,284.89
13554-2307212130--32480-0-10202-2307220100,13554-2307212130--32480-0-10202-2307220100,London Heathrow,LHR,Budapest,BUD,150,2023-07-21T21:30:00,2023-07-22T01:00:00,British Airways,870,Worldairfares,False,available,3.21,2.671636,4.180012,5.0,3.879688,2.097984,451.68
13542-2307211605--32356-0-10202-2307211935,13542-2307211605--32356-0-10202-2307211935,London Gatwick,LGW,Budapest,BUD,150,2023-07-21T16:05:00,2023-07-21T19:35:00,easyJet,8735,easyJet,True,available,4.55,4.795276,4.750828,5.0,4.699664,3.966372,383.99
13542-2307210735--32356-0-10202-2307211110,13542-2307210735--32356-0-10202-2307211110,London Gatwick,LGW,Budapest,BUD,155,2023-07-21T07:35:00,2023-07-21T11:10:00,easyJet,8731,easyJet,True,available,4.55,4.795276,4.750828,5.0,4.699664,3.966372,285.99
16574-2307211830--31915-0-10202-2307212155,16574-2307211830--31915-0-10202-2307212155,London Stansted,STN,Budapest,BUD,145,2023-07-21T18:30:00,2023-07-21T21:55:00,Ryanair,2518,Trip.com,False,available,4.06,4.007236,4.562416,4.993264,4.445476,3.21442,231.9
13554-2307211325--32480-0-10202-2307211655,13554-2307211325--32480-0-10202-2307211655,London Heathrow,LHR,Budapest,BUD,150,2023-07-21T13:25:00,2023-07-21T16:55:00,British Airways,874,Worldairfares,False,available,3.21,2.671636,4.180012,5.0,3.879688,2.097984,604.68
13771-2307212000--31669-0-10202-2307212330,13771-2307212000--31669-0-10202-2307212330,London Luton,LTN,Budapest,BUD,150,2023-07-21T20:00:00,2023-07-21T23:30:00,Wizz Air,2208,Trip.com,False,available,4.06,4.007236,4.562416,4.993264,4.445476,3.21442,213.9
16574-2307212000--31915-0-10202-2307212325,16574-2307212000--31915-0-10202-2307212325,London Stansted,STN,Budapest,BUD,145,2023-07-21T20:00:00,2023-07-21T23:25:00,Ryanair,3717,Trip.com,False,available,4.06,4.007236,4.562416,4.993264,4.445476,3.21442,269.89
13542-2307211255--31669-0-10202-2307211620,13542-2307211255--31669-0-10202-2307211620,London Gatwick,LGW,Budapest,BUD,145,2023-07-21T12:55:00,2023-07-21T16:20:00,Wizz Air,2222,Mytrip,False,available,3.47,3.830752,4.148752,4.866144,3.994092,2.033104,275.99
16574-2307211330--31915-0-10202-2307211655,16574-2307211330--31915-0-10202-2307211655,London Stansted,STN,Budapest,BUD,145,2023-07-21T13:30:00,2023-07-21T16:55:00,Ryanair,2516,Trip.com,False,available,4.06,4.007236,4.562416,4.993264,4.445476,3.21442,328.9
13771-2307210820--31669-0-10202-2307211150,13771-2307210820--31669-0-10202-2307211150,London Luton,LTN,Budapest,BUD,150,2023-07-21T08:20:00,2023-07-21T11:50:00,Wizz Air,2202,Mytrip,False,available,3.47,3.830752,4.148752,4.866144,3.994092,2.033104,266.99
13771-2307211455--31669-0-10202-2307211825,13771-2307211455--31669-0-10202-2307211825,London Luton,LTN,Budapest,BUD,150,2023-07-21T14:55:00,2023-07-21T18:25:00,Wizz Air,2206,Mytrip,False,available,3.47,3.830752,4.148752,4.866144,3.994092,2.033104,248.99
13771-2307282000--31669-0-10202-2307282330,13771-2307282000--31669-0-10202-2307282330,London Luton,LTN,Budapest,BUD,150,2023-07-28T20:00:00,2023-07-28T23:30:00,Wizz Air,2208,Trip.com,False,available,4.06,4.007236,4.562416,4.993264,4.445476,3.21442,142.9
13542-2307281605--32356-0-10202-2307281935,13542-2307281605--32356-0-10202-2307281935,London Gatwick,LGW,Budapest,BUD,150,2023-07-28T16:05:00,2023-07-28T19:35:00,easyJet,8735,easyJet,True,available,4.55,4.795276,4.750828,5.0,4.699664,3.966372,196.99
13554-2307282130--32480-0-10202-2307290100,13554-2307282130--32480-0-10202-2307290100,London Heathrow,LHR,Budapest,BUD,150,2023-07-28T21:30:00,2023-07-29T01:00:00,British Airways,870,Worldairfares,False,available,3.21,2.671636,4.180012,5.0,3.879688,2.097984,216.68
16574-2307281615--31915-0-10202-2307281940,16574-2307281615--31915-0-10202-2307281940,London Stansted,STN,Budapest,BUD,145,2023-07-28T16:15:00,2023-07-28T19:40:00,Ryanair,1658,Trip.com,False,available,4.06,4.007236,4.562416,4.993264,4.445476,3.21442,120.9
13542-2307280735--32356-0-10202-2307281110,13542-2307280735--32356-0-10202-2307281110,London Gatwick,LGW,Budapest,BUD,155,2023-07-28T07:35:00,2023-07-28T11:10:00,easyJet,8731,easyJet,True,available,4.55,4.795276,4.750828,5.0,4.699664,3.966372,149.99
13554-2307281040--32480-0-10202-2307281420,13554-2307281040--32480-0-10202-2307281420,London Heathrow,LHR,Budapest,BUD,160,2023-07-28T10:40:00,2023-07-28T14:20:00,British Airways,868,Worldairfares,False,available,3.21,2.671636,4.180012,5.0,3.879688,2.097984,240.68
13554-2307280810--32480-0-10202-2307281155,13554-2307280810--32480-0-10202-2307281155,London Heathrow,LHR,Budapest,BUD,165,2023-07-28T08:10:00,2023-07-28T11:55:00,British Airways,866,Worldairfares,False,available,3.21,2.671636,4.180012,5.0,3.879688,2.097984,230.68
16574-2307281830--31915-0-10202-2307282155,16574-2307281830--31915-0-10202-2307282155,London Stansted,STN,Budapest,BUD,145,2023-07-28T18:30:00,2023-07-28T21:55:00,Ryanair,2518,Trip.com,False,available,4.06,4.007236,4.562416,4.993264,4.445476,3.21442,235.9
13771-2307280820--31669-0-10202-2307281150,13771-2307280820--31669-0-10202-2307281150,London Luton,LTN,Budapest,BUD,150,2023-07-28T08:20:00,2023-07-28T11:50:00,Wizz Air,2202,Trip.com,False,available,4.06,4.007236,4.562416,4.993264,4.445476,3.21442,142.9
13771-2307281455--31669-0-10202-2307281825,13771-2307281455--31669-0-10202-2307281825,London Luton,LTN,Budapest,BUD,150,2023-07-28T14:55:00,2023-07-28T18:25:00,Wizz Air,2206,Trip.com,False,available,4.06,4.007236,4.562416,4.993264,4.445476,3.21442,182.9
16574-2307281330--31915-0-10202-2307281655,16574-2307281330--31915-0-10202-2307281655,London Stansted,STN,Budapest,BUD,145,2023-07-28T13:30:00,2023-07-28T16:55:00,Ryanair,2516,Trip.com,False,available,4.06,4.007236,4.562416,4.993264,4.445476,3.21442,235.9
16574-2307282000--31915-0-10202-2307282325,16574-2307282000--31915-0-10202-2307282325,London Stansted,STN,Budapest,BUD,145,2023-07-28T20:00:00,2023-07-28T23:25:00,Ryanair,3717,Trip.com,False,available,4.06,4.007236,4.562416,4.993264,4.445476,3.21442,231.9
13542-2307281255--31669-0-10202-2307281620,13542-2307281255--31669-0-10202-2307281620,London Gatwick,LGW,Budapest,BUD,145,2023-07-28T12:55:00,2023-07-28T16:20:00,Wizz Air,2222,Trip.com,False,available,4.06,4.007236,4.562416,4.993264,4.445476,3.21442,143.9
16574-2308041330--31915-0-10202-2308041655,16574-2308041330--31915-0-10202-2308041655,London Stansted,STN,Budapest,BUD,145,2023-08-04T13:30:00,2023-08-04T16:55:00,Ryanair,2516,Trip.com,False,available,4.06,4.007236,4.562416,4.993264,4.445476,3.21442,147.9
13542-2308040735--32356-0-10202-2308041110,13542-2308040735--32356-0-10202-2308041110,London Gatwick,LGW,Budapest,BUD,155,2023-08-04T07:35:00,2023-08-04T11:10:00,easyJet,8731,easyJet,True,available,4.55,4.795276,4.750828,5.0,4.699664,3.966372,206.99
13771-2308042000--31669-0-10202-2308042330,13771-2308042000--31669-0-10202-2308042330,London Luton,LTN,Budapest,BUD,150,2023-08-04T20:00:00,2023-08-04T23:30:00,Wizz Air,2208,Trip.com,False,available,4.06,4.007236,4.562416,4.993264,4.445476,3.21442,155.9
13554-2308042130--32480-0-10202-2308050100,13554-2308042130--32480-0-10202-2308050100,London Heathrow,LHR,Budapest,BUD,150,2023-08-04T21:30:00,2023-08-05T01:00:00,British Airways,870,Worldairfares,False,available,3.21,2.671636,4.180012,5.0,3.879688,2.097984,174.68
13771-2308041455--31669-0-10202-2308041825,13771-2308041455--31669-0-10202-2308041825,London Luton,LTN,Budapest,BUD,150,2023-08-04T14:55:00,2023-08-04T18:25:00,Wizz Air,2206,Trip.com,False,available,4.06,4.007236,4.562416,4.993264,4.445476,3.21442,196.9
13771-2308040820--31669-0-10202-2308041150,13771-2308040820--31669-0-10202-2308041150,London Luton,LTN,Budapest,BUD,150,2023-08-04T08:20:00,2023-08-04T11:50:00,Wizz Air,2202,Trip.com,False,available,4.06,4.007236,4.562416,4.993264,4.445476,3.21442,155.9
13542-2308041255--31669-0-10202-2308041620,13542-2308041255--31669-0-10202-2308041620,London Gatwick,LGW,Budapest,BUD,145,2023-08-04T12:55:00,2023-08-04T16:20:00,Wizz Air,2222,Trip.com,False,available,4.06,4.007236,4.562416,4.993264,4.445476,3.21442,169.9
16574-2308042000--31915-0-10202-2308042325,16574-2308042000--31915-0-10202-2308042325,London Stansted,STN,Budapest,BUD,145,2023-08-04T20:00:00,2023-08-04T23:25:00,Ryanair,3717,Trip.com,False,available,4.06,4.007236,4.562416,4.993264,4.445476,3.21442,122.9
16574-2308041615--31915-0-10202-2308041940,16574-2308041615--31915-0-10202-2308041940,London Stansted,STN,Budapest,BUD,145,2023-08-04T16:15:00,2023-08-04T19:40:00,Ryanair,1658,Trip.com,False,available,4.06,4.007236,4.562416,4.993264,4.445476,3.21442,103.9
13554-2308040810--32480-0-10202-2308041155,13554-2308040810--32480-0-10202-2308041155,London Heathrow,LHR,Budapest,BUD,165,2023-08-04T08:10:00,2023-08-04T11:55:00,British Airways,866,Worldairfares,False,available,3.21,2.671636,4.180012,5.0,3.879688,2.097984,196.68
13554-2308041040--32480-0-10202-2308041420,13554-2308041040--32480-0-10202-2308041420,London Heathrow,LHR,Budapest,BUD,160,2023-08-04T10:40:00,2023-08-04T14:20:00,British Airways,868,Trip.com,False,available,4.06,4.007236,4.562416,4.993264,4.445476,3.21442,354.6
16574-2308041830--31915-0-10202-2308042155,16574-2308041830--31915-0-10202-2308042155,London Stansted,STN,Budapest,BUD,145,2023-08-04T18:30:00,2023-08-04T21:55:00,Ryanair,2518,eDreams,False,available,2.65,2.792432,3.821668,4.932388,2.842168,1.192496,123.94
13542-2308041605--32356-0-10202-2308041935,13542-2308041605--32356-0-10202-2308041935,London Gatwick,LGW,Budapest,BUD,150,2023-08-04T16:05:00,2023-08-04T19:35:00,easyJet,8735,easyJet,True,available,4.55,4.795276,4.750828,5.0,4.699664,3.966372,197.99
16574-2308111615--31915-0-10202-2308111940,16574-2308111615--31915-0-10202-2308111940,London Stansted,STN,Budapest,BUD,145,2023-08-11T16:15:00,2023-08-11T19:40:00,Ryanair,1658,Booking.com,False,available,4.08,4.064504,4.505088,4.99368,4.427352,3.34736,100.99
13554-2308110810--32480-0-10202-2308111155,13554-2308110810--32480-0-10202-2308111155,London Heathrow,LHR,Budapest,BUD,165,2023-08-11T08:10:00,2023-08-11T11:55:00,British Airways,866,Worldairfares,False,available,3.21,2.671636,4.180012,5.0,3.879688,2.097984,225.68
13554-2308111040--32480-0-10202-2308111420,13554-2308111040--32480-0-10202-2308111420,London Heathrow,LHR,Budapest,BUD,160,2023-08-11T10:40:00,2023-08-11T14:20:00,British Airways,868,Worldairfares,False,available,3.21,2.671636,4.180012,5.0,3.879688,2.097984,343.68
13542-2308111255--31669-0-10202-2308111620,13542-2308111255--31669-0-10202-2308111620,London Gatwick,LGW,Budapest,BUD,145,2023-08-11T12:55:00,2023-08-11T16:20:00,Wizz Air,2222,Trip.com,False,available,4.06,4.007236,4.562416,4.993264,4.445476,3.21442,142.9
16574-2308112000--31915-0-10202-2308112325,16574-2308112000--31915-0-10202-2308112325,London Stansted,STN,Budapest,BUD,145,2023-08-11T20:00:00,2023-08-11T23:25:00,Ryanair,3717,Booking.com,False,available,4.08,4.064504,4.505088,4.99368,4.427352,3.34736,98.99
16574-2308111330--31915-0-10202-2308111655,16574-2308111330--31915-0-10202-2308111655,London Stansted,STN,Budapest,BUD,145,2023-08-11T13:30:00,2023-08-11T16:55:00,Ryanair,2516,Booking.com,False,available,4.08,4.064504,4.505088,4.99368,4.427352,3.34736,113.99
13771-2308111455--31669-0-10202-2308111825,13771-2308111455--31669-0-10202-2308111825,London Luton,LTN,Budapest,BUD,150,2023-08-11T14:55:00,2023-08-11T18:25:00,Wizz Air,2206,Booking.com,False,available,4.08,4.064504,4.505088,4.99368,4.427352,3.34736,232.99
13771-2308110820--31669-0-10202-2308111150,13771-2308110820--31669-0-10202-2308111150,London Luton,LTN,Budapest,BUD,150,2023-08-11T08:20:00,2023-08-11T11:50:00,Wizz Air,2202,Trip.com,False,available,4.06,4.007236,4.562416,4.993264,4.445476,3.21442,169.9
13542-2308111605--32356-0-10202-2308111935,13542-2308111605--32356-0-10202-2308111935,London Gatwick,LGW,Budapest,BUD,150,2023-08-11T16:05:00,2023-08-11T19:35:00,easyJet,8735,easyJet,True,available,4.55,4.795276,4.750828,5.0,4.699664,3.966372,177.99
16574-2308111830--31915-0-10202-2308112155,16574-2308111830--31915-0-10202-2308112155,London Stansted,STN,Budapest,BUD,145,2023-08-11T18:30:00,2023-08-11T21:55:00,Ryanair,2518,Trip.com,False,available,4.06,4.007236,4.562416,4.993264,4.445476,3.21442,104.9
13771-2308112000--31669-0-10202-2308112330,13771-2308112000--31669-0-10202-2308112330,London Luton,LTN,Budapest,BUD,150,2023-08-11T20:00:00,2023-08-11T23:30:00,Wizz Air,2208,Trip.com,False,available,4.06,4.007236,4.562416,4.993264,4.445476,3.21442,169.9
13554-2308112130--32480-0-10202-2308120100,13554-2308112130--32480-0-10202-2308120100,London Heathrow,LHR,Budapest,BUD,150,2023-08-11T21:30:00,2023-08-12T01:00:00,British Airways,870,Worldairfares,False,available,3.21,2.671636,4.180012,5.0,3.879688,2.097984,145.68
13542-2308110735--32356-0-10202-2308111110,13542-2308110735--32356-0-10202-2308111110,London Gatwick,LGW,Budapest,BUD,155,2023-08-11T07:35:00,2023-08-11T11:10:00,easyJet,8731,easyJet,True,available,4.55,4.795276,4.750828,5.0,4.699664,3.966372,168.99
13771-2308182000--31669-0-10202-2308182330,13771-2308182000--31669-0-10202-2308182330,London Luton,LTN,Budapest,BUD,150,2023-08-18T20:00:00,2023-08-18T23:30:00,Wizz Air,2208,Trip.com,False,available,4.06,4.007236,4.562416,4.993264,4.445476,3.21442,128.9
13771-2308181455--31669-0-10202-2308181825,13771-2308181455--31669-0-10202-2308181825,London Luton,LTN,Budapest,BUD,150,2023-08-18T14:55:00,2023-08-18T18:25:00,Wizz Air,2206,Trip.com,False,available,4.06,4.007236,4.562416,4.993264,4.445476,3.21442,142.9
13771-2308180820--31669-0-10202-2308181150,13771-2308180820--31669-0-10202-2308181150,London Luton,LTN,Budapest,BUD,150,2023-08-18T08:20:00,2023-08-18T11:50:00,Wizz Air,2202,Trip.com,False,available,4.06,4.007236,4.562416,4.993264,4.445476,3.21442,182.9
13554-2308181325--32480-0-10202-2308181655,13554-2308181325--32480-0-10202-2308181655,London Heathrow,LHR,Budapest,BUD,150,2023-08-18T13:25:00,2023-08-18T16:55:00,British Airways,874,British Airways,True,available,4.18,4.601088,4.54972,4.986432,4.43214,3.16744,436.56
13542-2308181605--32356-0-10202-2308181935,13542-2308181605--32356-0-10202-2308181935,London Gatwick,LGW,Budapest,BUD,150,2023-08-18T16:05:00,2023-08-18T19:35:00,easyJet,8735,easyJet,True,available,4.55,4.795276,4.750828,5.0,4.699664,3.966372,219.99
16574-2308181330--31915-0-10202-2308181655,16574-2308181330--31915-0-10202-2308181655,London Stansted,STN,Budapest,BUD,145,2023-08-18T13:30:00,2023-08-18T16:55:00,Ryanair,2516,Trip.com,False,available,4.06,4.007236,4.562416,4.993264,4.445476,3.21442,206.9
16574-2308182000--31915-0-10202-2308182325,16574-2308182000--31915-0-10202-2308182325,London Stansted,STN,Budapest,BUD,145,2023-08-18T20:00:00,2023-08-18T23:25:00,Ryanair,3717,Trip.com,False,available,4.06,4.007236,4.562416,4.993264,4.445476,3.21442,133.9
13542-2308181255--31669-0-10202-2308181620,13542-2308181255--31669-0-10202-2308181620,London Gatwick,LGW,Budapest,BUD,145,2023-08-18T12:55:00,2023-08-18T16:20:00,Wizz Air,2222,Trip.com,False,available,4.06,4.007236,4.562416,4.993264,4.445476,3.21442,187.9
13554-2308180810--32480-0-10202-2308181155,13554-2308180810--32480-0-10202-2308181155,London Heathrow,LHR,Budapest,BUD,165,2023-08-18T08:10:00,2023-08-18T11:55:00,British Airways,866,Worldairfares,False,available,3.21,2.671636,4.180012,5.0,3.879688,2.097984,249.68
16574-2308181615--31915-0-10202-2308181940,16574-2308181615--31915-0-10202-2308181940,London Stansted,STN,Budapest,BUD,145,2023-08-18T16:15:00,2023-08-18T19:40:00,Ryanair,1658,Trip.com,False,available,4.06,4.007236,4.562416,4.993264,4.445476,3.21442,177.9
16574-2308181830--31915-0-10202-2308182155,16574-2308181830--31915-0-10202-2308182155,London Stansted,STN,Budapest,BUD,145,2023-08-18T18:30:00,2023-08-18T21:55:00,Ryanair,2518,Trip.com,False,available,4.06,4.007236,4.562416,4.993264,4.445476,3.21442,133.9
13542-2308180735--32356-0-10202-2308181110,13542-2308180735--32356-0-10202-2308181110,London Gatwick,LGW,Budapest,BUD,155,2023-08-18T07:35:00,2023-08-18T11:10:00,easyJet,8731,easyJet,True,available,4.55,4.795276,4.750828,5.0,4.699664,3.966372,219.99
13554-2308182130--32480-0-10202-2308190100,13554-2308182130--32480-0-10202-2308190100,London Heathrow,LHR,Budapest,BUD,150,2023-08-18T21:30:00,2023-08-19T01:00:00,British Airways,870,Worldairfares,False,available,3.21,2.671636,4.180012,5.0,3.879688,2.097984,145.68
13542-2308250735--32356-0-10202-2308251110,13542-2308250735--32356-0-10202-2308251110,London Gatwick,LGW,Budapest,BUD,155,2023-08-25T07:35:00,2023-08-25T11:10:00,easyJet,8731,easyJet,True,available,4.55,4.795276,4.750828,5.0,4.699664,3.966372,181.99
13554-2308252130--32480-0-10202-2308260100,13554-2308252130--32480-0-10202-2308260100,London Heathrow,LHR,Budapest,BUD,150,2023-08-25T21:30:00,2023-08-26T01:00:00,British Airways,870,Worldairfares,False,available,3.21,2.671636,4.180012,5.0,3.879688,2.097984,178.68
16574-2308251330--31915-0-10202-2308251655,16574-2308251330--31915-0-10202-2308251655,London Stansted,STN,Budapest,BUD,145,2023-08-25T13:30:00,2023-08-25T16:55:00,Ryanair,2516,Trip.com,False,available,4.06,4.007236,4.562416,4.993264,4.445476,3.21442,177.9
13771-2308252000--31669-0-10202-2308252330,13771-2308252000--31669-0-10202-2308252330,London Luton,LTN,Budapest,BUD,150,2023-08-25T20:00:00,2023-08-25T23:30:00,Wizz Air,2208,Trip.com,False,available,4.06,4.007236,4.562416,4.993264,4.445476,3.21442,182.9
16574-2308251615--31915-0-10202-2308251940,16574-2308251615--31915-0-10202-2308251940,London Stansted,STN,Budapest,BUD,145,2023-08-25T16:15:00,2023-08-25T19:40:00,Ryanair,1658,Trip.com,False,available,4.06,4.007236,4.562416,4.993264,4.445476,3.21442,155.9
13554-2308250810--32480-0-10202-2308251155,13554-2308250810--32480-0-10202-2308251155,London Heathrow,LHR,Budapest,BUD,165,2023-08-25T08:10:00,2023-08-25T11:55:00,British Airways,866,Trip.com,False,available,4.06,4.007236,4.562416,4.993264,4.445476,3.21442,224.9
13542-2308251605--32356-0-10202-2308251935,13542-2308251605--32356-0-10202-2308251935,London Gatwick,LGW,Budapest,BUD,150,2023-08-25T16:05:00,2023-08-25T19:35:00,easyJet,8735,easyJet,True,available,4.55,4.795276,4.750828,5.0,4.699664,3.966372,154.99
16574-2308251830--31915-0-10202-2308252155,16574-2308251830--31915-0-10202-2308252155,London Stansted,STN,Budapest,BUD,145,2023-08-25T18:30:00,2023-08-25T21:55:00,Ryanair,2518,Trip.com,False,available,4.06,4.007236,4.562416,4.993264,4.445476,3.21442,97.6
13542-2308251255--31669-0-10202-2308251620,13542-2308251255--31669-0-10202-2308251620,London Gatwick,LGW,Budapest,BUD,145,2023-08-25T12:55:00,2023-08-25T16:20:00,Wizz Air,2222,Trip.com,False,available,4.06,4.007236,4.562416,4.993264,4.445476,3.21442,142.9
16574-2308252000--31915-0-10202-2308252325,16574-2308252000--31915-0-10202-2308252325,London Stansted,STN,Budapest,BUD,145,2023-08-25T20:00:00,2023-08-25T23:25:00,Ryanair,3717,Trip.com,False,available,4.06,4.007236,4.562416,4.993264,4.445476,3.21442,95.8
13771-2308251455--31669-0-10202-2308251825,13771-2308251455--31669-0-10202-2308251825,London Luton,LTN,Budapest,BUD,150,2023-08-25T14:55:00,2023-08-25T18:25:00,Wizz Air,2206,Trip.com,False,available,4.06,4.007236,4.562416,4.993264,4.445476,3.21442,142.9
13771-2308250820--31669-0-10202-2308251150,13771-2308250820--31669-0-10202-2308251150,London Luton,LTN,Budapest,BUD,150,2023-08-25T08:20:00,2023-08-25T11:50:00,Wizz Air,2202,Trip.com,False,available,4.06,4.007236,4.562416,4.993264,4.445476,3.21442,196.9
13554-2308251325--32480-0-10202-2308251655,13554-2308251325--32480-0-10202-2308251655,London Heathrow,LHR,Budapest,BUD,150,2023-08-25T13:25:00,2023-08-25T16:55:00,British Airways,874,Trip.com,False,available,4.06,4.007236,4.562416,4.993264,4.445476,3.21442,258.6
13554-2309012130--32480-0-10202-2309020100,13554-2309012130--32480-0-10202-2309020100,London Heathrow,LHR,Budapest,BUD,150,2023-09-01T21:30:00,2023-09-02T01:00:00,British Airways,870,Worldairfares,False,available,3.21,2.671636,4.180012,5.0,3.879688,2.097984,109.68
16574-2309011615--31915-0-10202-2309011940,16574-2309011615--31915-0-10202-2309011940,London Stansted,STN,Budapest,BUD,145,2023-09-01T16:15:00,2023-09-01T19:40:00,Ryanair,1658,Trip.com,False,available,4.06,4.007236,4.562416,4.993264,4.445476,3.21442,96.7
13554-2309010810--32480-0-10202-2309011155,13554-2309010810--32480-0-10202-2309011155,London Heathrow,LHR,Budapest,BUD,165,2023-09-01T08:10:00,2023-09-01T11:55:00,British Airways,866,Worldairfares,False,available,3.21,2.671636,4.180012,5.0,3.879688,2.097984,182.68
13542-2309010735--32356-0-10202-2309011110,13542-2309010735--32356-0-10202-2309011110,London Gatwick,LGW,Budapest,BUD,155,2023-09-01T07:35:00,2023-09-01T11:10:00,easyJet,8731,easyJet,True,available,4.55,4.795276,4.750828,5.0,4.699664,3.966372,165.99
13771-2309012000--31669-0-10202-2309012330,13771-2309012000--31669-0-10202-2309012330,London Luton,LTN,Budapest,BUD,150,2023-09-01T20:00:00,2023-09-01T23:30:00,Wizz Air,2208,Trip.com,False,available,4.06,4.007236,4.562416,4.993264,4.445476,3.21442,88.9
13542-2309011255--31669-0-10202-2309011620,13542-2309011255--31669-0-10202-2309011620,London Gatwick,LGW,Budapest,BUD,145,2023-09-01T12:55:00,2023-09-01T16:20:00,Wizz Air,2222,Trip.com,False,available,4.06,4.007236,4.562416,4.993264,4.445476,3.21442,204.9
13771-2309011455--31669-0-10202-2309011825,13771-2309011455--31669-0-10202-2309011825,London Luton,LTN,Budapest,BUD,150,2023-09-01T14:55:00,2023-09-01T18:25:00,Wizz Air,2206,Trip.com,False,available,4.06,4.007236,4.562416,4.993264,4.445476,3.21442,196.9
16574-2309012000--31915-0-10202-2309012325,16574-2309012000--31915-0-10202-2309012325,London Stansted,STN,Budapest,BUD,145,2023-09-01T20:00:00,2023-09-01T23:25:00,Ryanair,3717,Trip.com,False,available,4.06,4.007236,4.562416,4.993264,4.445476,3.21442,56.1
13542-2309011605--32356-0-10202-2309011935,13542-2309011605--32356-0-10202-2309011935,London Gatwick,LGW,Budapest,BUD,150,2023-09-01T16:05:00,2023-09-01T19:35:00,easyJet,8735,easyJet,True,available,4.55,4.795276,4.750828,5.0,4.699664,3.966372,65.99
13554-2309011325--32480-0-10202-2309011655,13554-2309011325--32480-0-10202-2309011655,London Heathrow,LHR,Budapest,BUD,150,2023-09-01T13:25:00,2023-09-01T16:55:00,British Airways,874,Trip.com,False,available,4.06,4.007236,4.562416,4.993264,4.445476,3.21442,263.6
16574-2309011830--31915-0-10202-2309012155,16574-2309011830--31915-0-10202-2309012155,London Stansted,STN,Budapest,BUD,145,2023-09-01T18:30:00,2023-09-01T21:55:00,Ryanair,2518,Trip.com,False,available,4.06,4.007236,4.562416,4.993264,4.445476,3.21442,65.09
13771-2309010820--31669-0-10202-2309011150,13771-2309010820--31669-0-10202-2309011150,London Luton,LTN,Budapest,BUD,150,2023-09-01T08:20:00,2023-09-01T11:50:00,Wizz Air,2202,Trip.com,False,available,4.06,4.007236,4.562416,4.993264,4.445476,3.21442,195.9
16574-2309011330--31915-0-10202-2309011655,16574-2309011330--31915-0-10202-2309011655,London Stansted,STN,Budapest,BUD,145,2023-09-01T13:30:00,2023-09-01T16:55:00,Ryanair,2516,Trip.com,False,available,4.06,4.007236,4.562416,4.993264,4.445476,3.21442,123.9
13771-2309081455--31669-0-10202-2309081825,13771-2309081455--31669-0-10202-2309081825,London Luton,LTN,Budapest,BUD,150,2023-09-08T14:55:00,2023-09-08T18:25:00,Wizz Air,2206,Trip.com,False,available,4.06,4.007236,4.562416,4.993264,4.445476,3.21442,213.9
13771-2309080820--31669-0-10202-2309081150,13771-2309080820--31669-0-10202-2309081150,London Luton,LTN,Budapest,BUD,150,2023-09-08T08:20:00,2023-09-08T11:50:00,Wizz Air,2202,Trip.com,False,available,4.06,4.007236,4.562416,4.993264,4.445476,3.21442,213.9
13771-2309082000--31669-0-10202-2309082330,13771-2309082000--31669-0-10202-2309082330,London Luton,LTN,Budapest,BUD,150,2023-09-08T20:00:00,2023-09-08T23:30:00,Wizz Air,2208,Trip.com,False,available,4.06,4.007236,4.562416,4.993264,4.445476,3.21442,61.9
13542-2309081255--31669-0-10202-2309081620,13542-2309081255--31669-0-10202-2309081620,London Gatwick,LGW,Budapest,BUD,145,2023-09-08T12:55:00,2023-09-08T16:20:00,Wizz Air,2222,Trip.com,False,available,4.06,4.007236,4.562416,4.993264,4.445476,3.21442,169.9
13554-2309081325--32480-0-10202-2309081655,13554-2309081325--32480-0-10202-2309081655,London Heathrow,LHR,Budapest,BUD,150,2023-09-08T13:25:00,2023-09-08T16:55:00,British Airways,874,Trip.com,False,available,4.06,4.007236,4.562416,4.993264,4.445476,3.21442,263.6
16574-2309082000--31915-0-10202-2309082325,16574-2309082000--31915-0-10202-2309082325,London Stansted,STN,Budapest,BUD,145,2023-09-08T20:00:00,2023-09-08T23:25:00,Ryanair,3717,Ryanair,True,,,,,,,,75.99
13542-2309080735--32356-0-10202-2309081110,13542-2309080735--32356-0-10202-2309081110,London Gatwick,LGW,Budapest,BUD,155,2023-09-08T07:35:00,2023-09-08T11:10:00,easyJet,8731,easyJet,True,available,4.55,4.795276,4.750828,5.0,4.699664,3.966372,192.99
13554-2309082130--32480-0-10202-2309090100,13554-2309082130--32480-0-10202-2309090100,London Heathrow,LHR,Budapest,BUD,150,2023-09-08T21:30:00,2023-09-09T01:00:00,British Airways,870,Worldairfares,False,available,3.21,2.671636,4.180012,5.0,3.879688,2.097984,106.68
13554-2309080810--32480-0-10202-2309081155,13554-2309080810--32480-0-10202-2309081155,London Heathrow,LHR,Budapest,BUD,165,2023-09-08T08:10:00,2023-09-08T11:55:00,British Airways,866,Worldairfares,False,available,3.21,2.671636,4.180012,5.0,3.879688,2.097984,182.68
16574-2309081615--31915-0-10202-2309081940,16574-2309081615--31915-0-10202-2309081940,London Stansted,STN,Budapest,BUD,145,2023-09-08T16:15:00,2023-09-08T19:40:00,Ryanair,1658,Trip.com,False,available,4.06,4.007236,4.562416,4.993264,4.445476,3.21442,129.9
16574-2309081830--31915-0-10202-2309082155,16574-2309081830--31915-0-10202-2309082155,London Stansted,STN,Budapest,BUD,145,2023-09-08T18:30:00,2023-09-08T21:55:00,Ryanair,2518,Trip.com,False,available,4.06,4.007236,4.562416,4.993264,4.445476,3.21442,75.0
16574-2309081330--31915-0-10202-2309081655,16574-2309081330--31915-0-10202-2309081655,London Stansted,STN,Budapest,BUD,145,2023-09-08T13:30:00,2023-09-08T16:55:00,Ryanair,2516,Trip.com,False,available,4.06,4.007236,4.562416,4.993264,4.445476,3.21442,112.9
13542-2309081605--32356-0-10202-2309081935,13542-2309081605--32356-0-10202-2309081935,London Gatwick,LGW,Budapest,BUD,150,2023-09-08T16:05:00,2023-09-08T19:35:00,easyJet,8735,easyJet,True,available,4.55,4.795276,4.750828,5.0,4.699664,3.966372,80.99
13554-2309081040--32480-0-10202-2309081420,13554-2309081040--32480-0-10202-2309081420,London Heathrow,LHR,Budapest,BUD,160,2023-09-08T10:40:00,2023-09-08T14:20:00,British Airways,868,Trip.com,False,available,4.06,4.007236,4.562416,4.993264,4.445476,3.21442,263.6
16574-2309151330--31915-0-10202-2309151655,16574-2309151330--31915-0-10202-2309151655,London Stansted,STN,Budapest,BUD,145,2023-09-15T13:30:00,2023-09-15T16:55:00,Ryanair,2516,Trip.com,False,available,4.06,4.007236,4.562416,4.993264,4.445476,3.21442,110.9
13542-2309150735--32356-0-10202-2309151110,13542-2309150735--32356-0-10202-2309151110,London Gatwick,LGW,Budapest,BUD,155,2023-09-15T07:35:00,2023-09-15T11:10:00,easyJet,8731,easyJet,True,available,4.55,4.795276,4.750828,5.0,4.699664,3.966372,192.99
13554-2309151235--32480-0-10202-2309151605,13554-2309151235--32480-0-10202-2309151605,London Heathrow,LHR,Budapest,BUD,150,2023-09-15T12:35:00,2023-09-15T16:05:00,British Airways,874,Trip.com,False,available,4.06,4.007236,4.562416,4.993264,4.445476,3.21442,274.6
13771-2309152000--31669-0-10202-2309152330,13771-2309152000--31669-0-10202-2309152330,London Luton,LTN,Budapest,BUD,150,2023-09-15T20:00:00,2023-09-15T23:30:00,Wizz Air,2208,Trip.com,False,available,4.06,4.007236,4.562416,4.993264,4.445476,3.21442,70.9
13771-2309150820--31669-0-10202-2309151150,13771-2309150820--31669-0-10202-2309151150,London Luton,LTN,Budapest,BUD,150,2023-09-15T08:20:00,2023-09-15T11:50:00,Wizz Air,2202,Booking.com,False,available,4.08,4.064504,4.505088,4.99368,4.427352,3.34736,196.99
13771-2309151455--31669-0-10202-2309151825,13771-2309151455--31669-0-10202-2309151825,London Luton,LTN,Budapest,BUD,150,2023-09-15T14:55:00,2023-09-15T18:25:00,Wizz Air,2206,Trip.com,False,available,4.06,4.007236,4.562416,4.993264,4.445476,3.21442,79.9
16574-2309152000--31915-0-10202-2309152325,16574-2309152000--31915-0-10202-2309152325,London Stansted,STN,Budapest,BUD,145,2023-09-15T20:00:00,2023-09-15T23:25:00,Ryanair,3717,Trip.com,False,available,4.06,4.007236,4.562416,4.993264,4.445476,3.21442,75.0
13542-2309151255--31669-0-10202-2309151620,13542-2309151255--31669-0-10202-2309151620,London Gatwick,LGW,Budapest,BUD,145,2023-09-15T12:55:00,2023-09-15T16:20:00,Wizz Air,2222,Trip.com,False,available,4.06,4.007236,4.562416,4.993264,4.445476,3.21442,106.9
13554-2309151325--32480-0-10202-2309151655,13554-2309151325--32480-0-10202-2309151655,London Heathrow,LHR,Budapest,BUD,150,2023-09-15T13:25:00,2023-09-15T16:55:00,British Airways,874,Worldairfares,False,available,3.21,2.671636,4.180012,5.0,3.879688,2.097984,275.68
16574-2309151830--31915-0-10202-2309152155,16574-2309151830--31915-0-10202-2309152155,London Stansted,STN,Budapest,BUD,145,2023-09-15T18:30:00,2023-09-15T21:55:00,Ryanair,2518,Trip.com,False,available,4.06,4.007236,4.562416,4.993264,4.445476,3.21442,75.0
13554-2309151040--32480-0-10202-2309151420,13554-2309151040--32480-0-10202-2309151420,London Heathrow,LHR,Budapest,BUD,160,2023-09-15T10:40:00,2023-09-15T14:20:00,British Airways,868,Trip.com,False,available,4.06,4.007236,4.562416,4.993264,4.445476,3.21442,354.6
13554-2309152130--32480-0-10202-2309160100,13554-2309152130--32480-0-10202-2309160100,London Heathrow,LHR,Budapest,BUD,150,2023-09-15T21:30:00,2023-09-16T01:00:00,British Airways,870,Worldairfares,False,available,3.21,2.671636,4.180012,5.0,3.879688,2.097984,106.68
13542-2309151605--32356-0-10202-2309151935,13542-2309151605--32356-0-10202-2309151935,London Gatwick,LGW,Budapest,BUD,150,2023-09-15T16:05:00,2023-09-15T19:35:00,easyJet,8735,easyJet,True,available,4.55,4.795276,4.750828,5.0,4.699664,3.966372,107.99
13554-2309150810--32480-0-10202-2309151155,13554-2309150810--32480-0-10202-2309151155,London Heathrow,LHR,Budapest,BUD,165,2023-09-15T08:10:00,2023-09-15T11:55:00,British Airways,866,Worldairfares,False,available,3.21,2.671636,4.180012,5.0,3.879688,2.097984,192.68
16574-2309151615--31915-0-10202-2309151940,16574-2309151615--31915-0-10202-2309151940,London Stansted,STN,Budapest,BUD,145,2023-09-15T16:15:00,2023-09-15T19:40:00,Ryanair,1658,Trip.com,False,available,4.06,4.007236,4.562416,4.993264,4.445476,3.21442,173.9
13554-2309150805--32480-0-10202-2309151140,13554-2309150805--32480-0-10202-2309151140,London Heathrow,LHR,Budapest,BUD,155,2023-09-15T08:05:00,2023-09-15T11:40:00,British Airways,866,Trip.com,False,available,4.06,4.007236,4.562416,4.993264,4.445476,3.21442,193.7
13554-2309222130--32480-0-10202-2309230100,13554-2309222130--32480-0-10202-2309230100,London Heathrow,LHR,Budapest,BUD,150,2023-09-22T21:30:00,2023-09-23T01:00:00,British Airways,870,Worldairfares,False,available,3.21,2.671636,4.180012,5.0,3.879688,2.097984,106.68
16574-2309221615--31915-0-10202-2309221940,16574-2309221615--31915-0-10202-2309221940,London Stansted,STN,Budapest,BUD,145,2023-09-22T16:15:00,2023-09-22T19:40:00,Ryanair,1658,Trip.com,False,available,4.06,4.007236,4.562416,4.993264,4.445476,3.21442,110.9
13554-2309220810--32480-0-10202-2309221155,13554-2309220810--32480-0-10202-2309221155,London Heathrow,LHR,Budapest,BUD,165,2023-09-22T08:10:00,2023-09-22T11:55:00,British Airways,866,Worldairfares,False,available,3.21,2.671636,4.180012,5.0,3.879688,2.097984,182.68
16574-2309221330--31915-0-10202-2309221655,16574-2309221330--31915-0-10202-2309221655,London Stansted,STN,Budapest,BUD,145,2023-09-22T13:30:00,2023-09-22T16:55:00,Ryanair,2516,Trip.com,False,available,4.06,4.007236,4.562416,4.993264,4.445476,3.21442,97.6
13554-2309221040--32480-0-10202-2309221420,13554-2309221040--32480-0-10202-2309221420,London Heathrow,LHR,Budapest,BUD,160,2023-09-22T10:40:00,2023-09-22T14:20:00,British Airways,868,Trip.com,False,available,4.06,4.007236,4.562416,4.993264,4.445476,3.21442,274.6
13542-2309221255--31669-0-10202-2309221620,13542-2309221255--31669-0-10202-2309221620,London Gatwick,LGW,Budapest,BUD,145,2023-09-22T12:55:00,2023-09-22T16:20:00,Wizz Air,2222,Trip.com,False,available,4.06,4.007236,4.562416,4.993264,4.445476,3.21442,106.9
16574-2309222000--31915-0-10202-2309222325,16574-2309222000--31915-0-10202-2309222325,London Stansted,STN,Budapest,BUD,145,2023-09-22T20:00:00,2023-09-22T23:25:00,Ryanair,3717,Trip.com,False,available,4.06,4.007236,4.562416,4.993264,4.445476,3.21442,75.0
13771-2309221455--31669-0-10202-2309221825,13771-2309221455--31669-0-10202-2309221825,London Luton,LTN,Budapest,BUD,150,2023-09-22T14:55:00,2023-09-22T18:25:00,Wizz Air,2206,Trip.com,False,available,4.06,4.007236,4.562416,4.993264,4.445476,3.21442,142.9
13542-2309221605--32356-0-10202-2309221935,13542-2309221605--32356-0-10202-2309221935,London Gatwick,LGW,Budapest,BUD,150,2023-09-22T16:05:00,2023-09-22T19:35:00,easyJet,8735,easyJet,True,available,4.55,4.795276,4.750828,5.0,4.699664,3.966372,78.99
16574-2309221830--31915-0-10202-2309222155,16574-2309221830--31915-0-10202-2309222155,London Stansted,STN,Budapest,BUD,145,2023-09-22T18:30:00,2023-09-22T21:55:00,Ryanair,2518,Trip.com,False,available,4.06,4.007236,4.562416,4.993264,4.445476,3.21442,78.9
13554-2309221325--32480-0-10202-2309221655,13554-2309221325--32480-0-10202-2309221655,London Heathrow,LHR,Budapest,BUD,150,2023-09-22T13:25:00,2023-09-22T16:55:00,British Airways,874,Trip.com,False,available,4.06,4.007236,4.562416,4.993264,4.445476,3.21442,263.6
13771-2309220820--31669-0-10202-2309221150,13771-2309220820--31669-0-10202-2309221150,London Luton,LTN,Budapest,BUD,150,2023-09-22T08:20:00,2023-09-22T11:50:00,Wizz Air,2202,Trip.com,False,available,4.06,4.007236,4.562416,4.993264,4.445476,3.21442,213.9
13542-2309220735--32356-0-10202-2309221110,13542-2309220735--32356-0-10202-2309221110,London Gatwick,LGW,Budapest,BUD,155,2023-09-22T07:35:00,2023-09-22T11:10:00,easyJet,8731,easyJet,True,available,4.55,4.795276,4.750828,5.0,4.699664,3.966372,143.99
13771-2309222000--31669-0-10202-2309222330,13771-2309222000--31669-0-10202-2309222330,London Luton,LTN,Budapest,BUD,150,2023-09-22T20:00:00,2023-09-22T23:30:00,Wizz Air,2208,Trip.com,False,available,4.06,4.007236,4.562416,4.993264,4.445476,3.21442,79.9
13771-2309291455--31669-0-10202-2309291825,13771-2309291455--31669-0-10202-2309291825,London Luton,LTN,Budapest,BUD,150,2023-09-29T14:55:00,2023-09-29T18:25:00,Wizz Air,2206,Trip.com,False,available,4.06,4.007236,4.562416,4.993264,4.445476,3.21442,79.9
13771-2309290820--31669-0-10202-2309291150,13771-2309290820--31669-0-10202-2309291150,London Luton,LTN,Budapest,BUD,150,2023-09-29T08:20:00,2023-09-29T11:50:00,Wizz Air,2202,Trip.com,False,available,4.06,4.007236,4.562416,4.993264,4.445476,3.21442,196.9
13771-2309292000--31669-0-10202-2309292330,13771-2309292000--31669-0-10202-2309292330,London Luton,LTN,Budapest,BUD,150,2023-09-29T20:00:00,2023-09-29T23:30:00,Wizz Air,2208,Trip.com,False,available,4.06,4.007236,4.562416,4.993264,4.445476,3.21442,79.9
13542-2309291605--32356-0-10202-2309291935,13542-2309291605--32356-0-10202-2309291935,London Gatwick,LGW,Budapest,BUD,150,2023-09-29T16:05:00,2023-09-29T19:35:00,easyJet,8735,easyJet,True,available,4.55,4.795276,4.750828,5.0,4.699664,3.966372,62.99
13554-2309291325--32480-0-10202-2309291655,13554-2309291325--32480-0-10202-2309291655,London Heathrow,LHR,Budapest,BUD,150,2023-09-29T13:25:00,2023-09-29T16:55:00,British Airways,874,Trip.com,False,available,4.06,4.007236,4.562416,4.993264,4.445476,3.21442,353.4
16574-2309292000--31915-0-10202-2309292325,16574-2309292000--31915-0-10202-2309292325,London Stansted,STN,Budapest,BUD,145,2023-09-29T20:00:00,2023-09-29T23:25:00,Ryanair,3717,Trip.com,False,available,4.06,4.007236,4.562416,4.993264,4.445476,3.21442,56.1
13542-2309291255--31669-0-10202-2309291620,13542-2309291255--31669-0-10202-2309291620,London Gatwick,LGW,Budapest,BUD,145,2023-09-29T12:55:00,2023-09-29T16:20:00,Wizz Air,2222,Trip.com,False,available,4.06,4.007236,4.562416,4.993264,4.445476,3.21442,88.9
16574-2309291830--31915-0-10202-2309292155,16574-2309291830--31915-0-10202-2309292155,London Stansted,STN,Budapest,BUD,145,2023-09-29T18:30:00,2023-09-29T21:55:00,Ryanair,2518,Trip.com,False,available,4.06,4.007236,4.562416,4.993264,4.445476,3.21442,56.1
16574-2309291330--31915-0-10202-2309291655,16574-2309291330--31915-0-10202-2309291655,London Stansted,STN,Budapest,BUD,145,2023-09-29T13:30:00,2023-09-29T16:55:00,Ryanair,2516,Trip.com,False,available,4.06,4.007236,4.562416,4.993264,4.445476,3.21442,93.6
13554-2309291040--32480-0-10202-2309291420,13554-2309291040--32480-0-10202-2309291420,London Heathrow,LHR,Budapest,BUD,160,2023-09-29T10:40:00,2023-09-29T14:20:00,British Airways,868,Trip.com,False,available,4.06,4.007236,4.562416,4.993264,4.445476,3.21442,354.6
13554-2309290810--32480-0-10202-2309291155,13554-2309290810--32480-0-10202-2309291155,London Heathrow,LHR,Budapest,BUD,165,2023-09-29T08:10:00,2023-09-29T11:55:00,British Airways,866,Worldairfares,False,available,3.21,2.671636,4.180012,5.0,3.879688,2.097984,201.68
16574-2309291615--31915-0-10202-2309291940,16574-2309291615--31915-0-10202-2309291940,London Stansted,STN,Budapest,BUD,145,2023-09-29T16:15:00,2023-09-29T19:40:00,Ryanair,1658,Trip.com,False,available,4.06,4.007236,4.562416,4.993264,4.445476,3.21442,80.8
13542-2309290735--32356-0-10202-2309291110,13542-2309290735--32356-0-10202-2309291110,London Gatwick,LGW,Budapest,BUD,155,2023-09-29T07:35:00,2023-09-29T11:10:00,easyJet,8731,easyJet,True,available,4.55,4.795276,4.750828,5.0,4.699664,3.966372,84.99
